"Befolkningen og dens bevægelser efter bevægelsesart, område og tid"

" "," ","1979","1980","1981","1982","1983","1984","1985","1986","1987","1988","1989","1990","1991","1992","1993","1994","1995","1996","1997","1998","1999","2000","2001","2002","2003","2004","2005"
"Befolkningen ultimo"
" ","København",498850,493771,490587,486593,482937,478615,473000,469706,468704,467850,466723,464773,464566,466129,467253,471300,476751,483658,487969,491082,495699,499148,500531,501285,501664,502362,501158
" ","Frederiksberg",88287,88167,88047,88409,88114,88030,87616,86558,85814,85327,85611,85817,86372,87173,87466,88002,88789,89230,89507,90227,90327,91076,91322,91435,91721,91886,91855
" ","Albertslund",30425,30331,30136,29860,29591,29138,28832,28687,29001,29093,29413,29638,29572,29611,29570,29389,29207,29442,29411,29315,29331,29201,29130,28839,28498,28146,27853
" ","Ballerup",48938,48697,48426,47978,47443,46872,46466,46121,45791,45197,45218,45305,45476,45427,45293,45356,45310,45080,45276,45286,45317,45724,46342,46443,46610,46759,46654
" ","Brøndby",38034,37615,37130,36749,36186,35474,35302,34881,34704,34359,34041,33807,33794,33746,33634,33579,34388,34458,34360,34391,34354,34498,34542,34676,34708,34513,34247
" ","Dragør",12779,12695,12730,12647,12642,12685,12637,12620,12423,12376,12282,12285,12365,12374,12329,12484,12519,12725,12778,12789,12753,12912,13075,13028,13076,13156,13154
" ","Gentofte",67300,66782,66564,66902,67112,66767,66283,66011,65467,65032,65303,65696,66077,65986,66251,66508,66706,66986,67402,67709,67957,68094,68213,68314,68704,68991,68623
" ","Gladsaxe",64954,64213,63733,63251,62845,62470,62049,61430,61424,61198,60882,60624,60604,60775,60956,61369,61487,61459,61611,61783,61867,61896,61914,62006,61993,62007,61735
" ","Glostrup",19573,19645,19548,19552,19542,19696,19559,19901,19896,19749,19747,19844,19923,20237,20274,20263,20181,20178,20104,20102,20229,20278,20412,20586,20793,20785,20699
" ","Herlev",28530,28190,28363,28199,27874,27522,27363,27167,27068,26904,26717,26837,26875,26980,27117,27162,27212,27285,27269,27350,27365,27457,27498,27318,27272,27166,27023
" ","Hvidovre",50608,51059,51284,51047,50583,50350,50063,49760,49332,48987,48748,48809,48754,48735,48623,48675,48730,49087,48958,49171,49270,49454,49674,49829,49952,49863,49762
" ","Høje Taastrup",43292,43294,43789,43810,43675,43398,43402,43764,44266,44521,44382,44430,44746,44975,45307,45325,45341,45424,45522,45910,45948,45892,45947,45754,45556,45553,46257
" ","Ishøj",20483,20856,20505,20497,20213,20390,20758,20618,20586,20422,20575,20604,20735,20920,20920,21077,21052,21041,21200,21031,21023,20943,20987,21023,20750,20668,20820
" ","Ledøje-Smørum",8156,8570,8581,8576,8836,9050,9001,8878,8888,8924,9276,9486,9688,9918,10021,10053,10158,10410,10373,10372,10369,10323,10347,10462,10480,10525,10797
" ","Lyngby-Taarbæk",52013,51703,51522,51034,50696,50225,50047,49828,49601,49419,49317,49488,49612,49334,49482,49578,49860,50317,50196,50474,50609,50853,51102,51344,51507,51611,51908
" ","Rødovre",38020,37673,37318,37182,36869,36356,36220,36135,35787,35561,35350,35317,35336,35478,35421,35490,35607,35549,35839,36004,36317,36561,36591,36619,36391,36312,36506
" ","Søllerød",31920,31705,31585,31508,31484,31422,31436,31429,31253,30865,30758,30614,30609,30474,30637,30825,31007,31225,31326,31274,31362,31391,31498,31494,31633,31691,31920
" ","Tårnby",42075,41517,41214,40915,40577,40400,40113,39717,39829,39904,39719,39829,39772,39593,39485,39291,39172,38986,39030,39304,39402,39507,39522,39466,39535,39582,39708
" ","Vallensbæk",12302,12256,12284,12221,12218,12085,12012,12055,11976,11904,11752,11709,11871,12043,12092,12081,12060,12012,11981,11949,12047,12163,12177,12332,12382,12260,12230
" ","Værløse",17843,17883,17792,17759,17824,17919,17957,17868,17835,17631,17409,17349,17370,17277,17350,17363,17347,17459,17625,17839,17924,17968,18365,18483,18567,18649,18633
" ","Allerød",21290,21310,21229,21170,21160,21318,21275,21253,21431,21397,21410,21654,21690,21581,21747,21844,22159,22423,22661,22911,22943,23079,23070,23374,23425,23458,23498
" ","Birkerød",21988,21680,21625,21600,21551,21567,21477,21311,20966,20784,20671,20609,20641,20514,20456,20471,20781,21115,21142,21215,21186,21311,21531,21696,21715,21930,22321
" ","Farum",16548,16664,16732,16798,16872,16534,16969,16967,16840,16835,16777,16992,17075,17313,17483,17835,17940,18058,18295,18439,18746,18840,18854,18495,18509,18662,18737
" ","Fredensborg-Humlebæk",17320,17667,17716,17862,18063,18123,18279,18517,18536,18712,18707,18769,18732,18746,18953,19010,18939,19141,19247,19273,19461,19613,19734,19946,19978,20024,20025
" ","Frederikssund",15655,15548,15530,15693,15896,16089,16330,16635,16656,16762,16859,16938,17081,17120,17161,17182,17230,17358,17360,17579,17859,18022,18189,18384,18430,18640,19144
" ","Frederiksværk",17141,16980,16936,16947,17236,17400,17551,17651,17693,17862,17941,18131,18312,18581,18721,18936,19175,19531,19788,20199,20121,20217,20326,20316,20324,20340,20691
" ","Græsted-Gilleleje",15158,15328,15306,15528,15930,16190,16469,16846,17044,17384,17571,17887,18194,18439,18749,19034,19514,19869,20281,20612,20520,20621,20773,20890,20996,20936,20843
" ","Helsinge",16698,16882,16887,16957,17075,17257,17189,17308,17363,17363,17432,17626,17712,17880,18089,18038,18139,18273,18371,18577,18689,18726,18910,19234,19398,19473,19517
" ","Helsingør",56566,56280,56163,56246,56161,56388,56628,56618,56607,56754,56701,56632,56794,56701,56785,56855,57421,58102,58645,59092,59492,60131,60546,60569,60927,61295,61340
" ","Hillerød",33686,33509,33424,33438,33278,33503,33585,33628,33597,33434,33388,33578,33786,34333,34691,34764,35212,35291,35627,36065,36453,36936,37167,37169,37180,37291,38102
" ","Hundested",7908,8126,8197,8238,8252,8346,8473,8649,8727,8809,8840,8973,9105,9101,9171,9255,9319,9315,9335,9410,9462,9516,9619,9668,9765,9913,9822
" ","Hørsholm",21585,21572,21627,21808,21992,22390,22959,23410,23275,23204,23176,23143,23171,23101,23178,23377,23568,23485,23386,23469,23648,23689,24038,24208,24246,24292,24317
" ","Jægerspris",7003,7150,7186,7207,7362,7537,7527,7638,7685,7846,7988,8161,8341,8618,8783,8879,8958,9013,9200,9356,9274,9414,9460,9508,9512,9480,9520
" ","Karlebo",17620,18165,18153,18736,18625,18680,18672,18982,19137,18993,18912,18989,18967,19110,19324,19474,19552,19716,19757,19768,19761,19739,19584,19554,19436,19163,19106
" ","Skibby",5365,5419,5390,5378,5447,5505,5649,5760,5793,5831,5886,5829,5992,6025,6088,6106,6249,6331,6368,6429,6519,6533,6546,6543,6684,6783,6892
" ","Skævinge",5060,5078,5002,4894,4896,4894,4908,4952,5041,4946,4969,5102,5093,5135,5113,5176,5209,5192,5285,5340,5402,5482,5594,5692,5886,6046,6225
" ","Slangerup",7578,7592,7518,7486,7562,7640,7709,7704,7724,7665,7776,7854,7885,7919,7931,7972,8108,8183,8171,8251,8406,8603,8785,9028,9172,9237,9435
" ","Stenløse",12340,12264,12374,12448,12553,12618,12639,12712,12645,12576,12588,12530,12518,12535,12594,12577,12617,12685,12813,12867,12951,13133,13252,13328,13257,13384,13470
" ","Ølstykke",12632,12778,12820,12915,12941,12973,12953,13086,13154,13356,13475,13467,13470,13356,13474,13451,13584,13773,14107,14246,14413,14511,14577,14674,14848,15358,15681
" ","Bramsnæs",7138,7105,7081,7131,7201,7395,7550,7658,7747,7800,7868,7985,8083,8168,8357,8419,8508,8650,8902,9004,9006,9072,9163,9221,9263,9391,9437
" ","Greve",40683,41743,42163,42396,42851,43350,44226,44607,45121,45287,45346,45449,45942,46012,46474,46809,46983,47278,47485,47631,47859,48033,48278,48227,47971,47671,47968
" ","Gundsø",10341,10342,10510,10636,10781,11187,11485,11810,12171,12280,12492,12700,12823,13040,13134,13302,13519,13783,13987,14300,14550,14881,15174,15362,15531,15749,15993
" ","Hvalsø",6802,6788,6748,6743,6771,6825,6894,6972,7116,7202,7142,7159,7100,7201,7246,7243,7226,7233,7349,7384,7472,7551,7614,7755,7839,7856,7843
" ","Køge",34511,34677,34936,35135,35102,35518,35854,36265,36104,36211,36821,37325,37471,37869,38088,38235,38535,38618,38749,38737,38820,38983,39284,39533,39686,40053,40535
" ","Lejre",8268,8231,8290,8263,8332,8308,8356,8423,8289,8311,8383,8398,8374,8334,8325,8346,8324,8300,8351,8352,8497,8524,8562,8661,8615,8724,8852
" ","Ramsø",8299,8540,8534,8566,8609,8615,8650,8662,8672,8742,8752,8754,8761,8778,8872,8852,8843,8869,8892,9039,9199,9220,9241,9211,9231,9320,9412
" ","Roskilde",48746,48487,48274,48824,49110,48756,48986,48862,48930,48996,49081,49593,50158,50601,50669,50989,51423,51561,51770,52202,52572,52991,53168,53472,53878,54372,55050
" ","Skovbo",12313,12371,12282,12311,12372,12595,12849,12908,13076,13120,13056,13049,13034,13016,12959,13081,13119,13194,13273,13417,13550,13680,13884,14152,14464,14873,15183
" ","Solrød",16319,16459,16681,16960,17385,17714,18026,18485,18965,18971,18892,18989,19060,19117,19193,19343,19458,19541,19703,19816,19998,20134,20165,20297,20339,20703,20877
" ","Vallø",8597,8503,8476,8449,8545,8723,8749,8824,8973,9073,9131,9210,9323,9265,9387,9433,9582,9656,9741,9912,10036,10143,10287,10260,10272,10337,10373
" ","Bjergsted",7077,7220,7275,7250,7245,7332,7339,7433,7535,7589,7473,7450,7511,7579,7636,7646,7664,7613,7646,7781,7791,7758,7808,7857,7976,8047,7994
" ","Dianalund",6969,7129,7205,7151,7156,7124,7130,7199,7095,7069,7052,6994,6975,7024,7017,7069,7096,7102,7133,7155,7138,7262,7288,7313,7349,7406,7468
" ","Dragsholm",12138,12165,12136,12112,12083,12184,12347,12472,12583,12522,12563,12660,12717,12823,12917,13041,13159,13250,13363,13490,13617,13579,13656,13671,13695,13820,13882
" ","Fuglebjerg",6380,6338,6360,6323,6258,6206,6274,6273,6223,6254,6240,6240,6263,6330,6298,6364,6363,6394,6380,6494,6554,6585,6538,6544,6565,6582,6603
" ","Gørlev",5890,5863,5812,5784,5810,5788,5758,5724,5762,5851,5828,5859,5867,5903,5902,5944,5942,5996,6072,6073,6124,6194,6323,6376,6497,6556,6545
" ","Hashøj",6219,6251,6229,6223,6256,6314,6251,6263,6266,6254,6248,6288,6258,6231,6293,6228,6334,6322,6300,6333,6344,6437,6450,6471,6500,6632,6681
" ","Haslev",13193,13201,13121,13254,13431,13598,13576,13610,13697,13701,13645,13650,13765,13917,13912,13958,14020,13939,14027,14054,14022,14301,14310,14355,14589,14781,14850
" ","Holbæk",29578,29515,29702,29830,29795,30154,30529,30821,30860,31084,31151,31300,31557,31852,32178,32485,32859,32859,33251,33555,33864,33963,34188,34500,34672,35113,35907
" ","Hvidebæk",5415,5473,5426,5387,5412,5400,5431,5514,5465,5473,5505,5497,5485,5442,5427,5435,5512,5518,5451,5513,5489,5446,5454,5470,5434,5492,5557
" ","Høng",7661,7768,7707,7768,7825,7796,7874,7943,7992,7893,7943,8118,8229,8149,8121,8169,8144,8104,8123,8171,8239,8214,8352,8392,8344,8411,8430
" ","Jernløse",5329,5359,5369,5404,5405,5444,5494,5508,5474,5504,5456,5496,5502,5537,5525,5472,5548,5524,5527,5558,5593,5662,5789,5841,5948,5943,6010
" ","Kalundborg",19388,19446,19386,19436,19312,19248,19380,19381,19309,19319,19321,19176,19177,19164,19182,19283,19273,19294,19369,19421,19405,19571,19718,19879,19976,20191,20418
" ","Korsør",20786,20850,20788,20623,20461,20257,20262,20312,20553,20538,20443,20347,20237,20238,20151,20092,19995,20021,20091,20048,20330,20471,20528,20654,20542,20644,20873
" ","Nykøbing-Rørvig",6591,6591,6610,6663,6643,6754,6834,6884,6904,7011,7082,7039,7084,7148,7099,7165,7262,7258,7233,7221,7279,7397,7459,7521,7482,7610,7697
" ","Ringsted",28016,28207,28052,28052,28138,28262,28424,28559,28445,28464,28393,28541,28648,28723,28891,28914,29067,29030,29243,29454,29547,29769,30018,30110,30418,30830,31094
" ","Skælskør",10862,10923,10893,10872,10853,10937,10952,11031,10992,11102,11101,11128,11120,11216,11262,11238,11218,11280,11381,11438,11464,11546,11647,11763,11899,11976,11928
" ","Slagelse",33622,33579,33432,33439,33401,33467,33602,33935,34022,34075,34279,34425,34578,34803,35066,35163,35444,36125,36261,36460,36463,36634,36593,36840,37021,36933,37037
" ","Sorø",14135,14093,14080,14077,13993,13967,14040,14161,14222,14179,14282,14299,14341,14385,14367,14435,14556,14588,14640,14668,14804,14877,15029,15198,15332,15386,15584
" ","Stenlille",4859,4834,4863,4828,4802,4810,4961,4996,5034,5082,5171,5179,5147,5174,5264,5300,5379,5325,5314,5371,5390,5364,5421,5556,5512,5544,5634
" ","Svinninge",6077,6114,6105,6055,6129,6095,6143,6220,6210,6248,6243,6235,6254,6266,6210,6262,6316,6364,6368,6390,6408,6444,6487,6474,6542,6588,6615
" ","Tornved",8804,8793,8716,8632,8641,8687,8804,8784,8788,8785,8800,8804,8767,8708,8641,8624,8755,8745,8812,8873,8810,8860,8992,9048,9116,9135,9133
" ","Trundholm",10064,10077,10059,9991,9990,10075,10183,10341,10220,10242,10397,10424,10493,10561,10715,10757,10772,10897,10957,11020,11115,11212,11214,11260,11312,11309,11311
" ","Tølløse",8780,8803,8791,8760,8800,8883,8989,9033,9124,9032,9025,9084,9123,9117,9192,9177,9174,9245,9204,9168,9296,9329,9469,9636,9758,9832,9956
" ","Fakse",10997,10999,10937,10950,10909,10926,11044,11260,11394,11489,11547,11681,11673,11674,11741,11831,11948,11884,12109,12289,12314,12424,12418,12378,12384,12243,12474
" ","Fladså",6974,6968,7011,6988,7042,7034,7028,7197,7225,7285,7201,7190,7236,7267,7294,7280,7279,7275,7228,7272,7288,7334,7405,7452,7553,7581,7730
" ","Holeby",4793,4714,4672,4617,4615,4611,4565,4559,4515,4515,4446,4423,4339,4336,4297,4310,4269,4260,4240,4232,4202,4191,4148,4125,4059,3982,3892
" ","Holmegaard",6004,6220,6295,6337,6356,6371,6375,6526,6539,6581,6564,6558,6607,6651,6655,6567,6757,6752,6837,6877,6930,6950,7006,7094,7237,7442,7643
" ","Højreby",4792,4808,4794,4806,4692,4632,4591,4510,4442,4389,4345,4342,4369,4357,4310,4257,4279,4257,4269,4163,4166,4161,4193,4126,4062,4049,4020
" ","Langebæk",6104,6083,6025,5989,5953,5943,5950,5992,5979,5981,6019,6034,5963,6022,6017,6041,6037,6083,6145,6141,6181,6215,6264,6305,6341,6332,6340
" ","Maribo",11904,11881,11791,11765,11684,11627,11629,11595,11527,11488,11365,11383,11452,11355,11323,11346,11372,11316,11280,11268,11135,11113,11078,11003,11028,11098,11001
" ","Møn",11512,11451,11322,11278,11156,11145,11210,11252,11192,11131,11122,11161,11187,11321,11364,11320,11425,11441,11475,11530,11646,11692,11720,11697,11731,11676,11572
" ","Nakskov",17079,16939,16877,16858,16813,16704,16611,16413,16229,16046,16037,15920,15781,15696,15644,15373,15518,15709,15549,15482,15486,15392,15207,15138,15041,14749,14745
" ","Nykøbing-Falster",25431,25576,25388,25259,25203,25069,25117,25065,25121,25168,25214,25232,25350,25303,25237,25135,25053,25217,25176,25241,25375,25498,25534,25537,25559,25483,25464
" ","Nysted",6089,6039,5975,5997,5963,5911,5834,5769,5741,5702,5653,5632,5611,5579,5569,5574,5623,5507,5472,5452,5429,5429,5519,5455,5462,5417,5357
" ","Næstved",45237,45252,45274,45071,45071,44908,44809,45153,45132,45182,45175,45179,45186,45272,45352,45621,45735,45966,46299,46427,46536,46791,47092,47422,47902,48312,48546
" ","Nørre Alslev",10102,10002,10026,9953,9788,9729,9730,9802,9700,9623,9664,9707,9600,9586,9560,9504,9473,9463,9441,9442,9458,9436,9492,9500,9542,9595,9618
" ","Præstø",6797,6818,6836,6750,6808,6833,6927,6964,6948,7015,7087,7129,7148,7208,7264,7271,7303,7274,7326,7341,7323,7410,7453,7493,7485,7608,7758
" ","Ravnsborg",7317,7252,7128,6984,6936,6890,6795,6659,6571,6461,6398,6325,6252,6229,6212,6148,6071,6013,5864,5780,5763,5704,5664,5659,5607,5569,5472
" ","Rudbjerg",4220,4156,4112,4093,4036,3977,3972,3905,3851,3772,3740,3754,3697,3676,3664,3606,3548,3545,3544,3584,3584,3593,3576,3537,3503,3432,3326
" ","Rødby",7835,7812,7828,7747,7547,7456,7393,7380,7256,7170,7134,7030,7010,7004,7003,6949,6906,6899,6862,6809,6843,6783,6793,6697,6646,6590,6511
" ","Rønnede",6082,6105,6083,6110,6080,6126,6231,6363,6426,6480,6548,6559,6595,6584,6593,6565,6602,6639,6702,6796,6814,6852,6954,7099,7247,7289,7337
" ","Sakskøbing",9461,9445,9448,9420,9442,9411,9342,9335,9315,9413,9415,9397,9344,9359,9376,9408,9349,9362,9302,9309,9338,9351,9375,9428,9382,9299,9296
" ","Stevns",10052,10072,10164,10127,10123,10202,10296,10445,10490,10542,10625,10686,10785,10788,10798,10903,10972,11021,10993,11058,11131,11174,11205,11349,11380,11439,11461
" ","Stubbekøbing",7167,7172,7153,7096,6933,6894,6932,6887,6939,6952,6898,6916,6844,6844,6870,6815,6926,6824,6859,6870,6836,6812,6868,6907,6806,6786,6794
" ","Suså",7810,7840,7848,7925,7938,8022,8033,8056,8008,7955,7992,7999,8019,8026,8069,7952,7962,7981,7960,8002,8029,8109,8185,8225,8272,8529,8762
" ","Sydfalster",6761,6806,6818,6801,6800,6829,6781,6775,6674,6698,6682,6715,6740,6770,6765,6801,6933,6916,7050,7197,7073,7029,7026,7074,7020,6953,6922
" ","Vordingborg",19561,19750,19819,19749,19697,19810,20034,20018,19947,19969,20041,20133,20199,20190,20171,19985,20155,20172,20313,20199,20226,20248,20323,20488,20635,20691,20740
" ","Bornholm (excl. Christiansø)",0,0,0,0,0,0,0,0,0,0,0,0,0,0,0,0,0,0,0,0,0,0,0,43956,43673,43347,43245
" ","Allinge-Gudhjem (- 2002)",8728,8640,8626,8555,8501,8476,8404,8364,8259,8168,8115,8043,7968,7921,7886,7800,7887,7856,7738,7670,7658,7584,7632,0,0,0,0
" ","Hasle (- 2002)",6995,6987,6925,6941,6899,6843,6782,6721,6763,6638,6652,6608,6575,6539,6514,6488,6492,6524,6480,6406,6382,6368,6360,0,0,0,0
" ","Nexø (- 2002)",9043,9044,9062,9028,9053,9150,9166,9183,9146,8959,8917,8776,8769,8672,8613,8599,8626,8587,8569,8516,8558,8543,8580,0,0,0,0
" ","Rønne (- 2002)",15462,15271,15259,15322,15320,15343,15405,15383,15397,15278,15187,15217,15236,15173,15180,15220,15272,15153,15146,15148,15018,14898,14826,0,0,0,0
" ","Aakirkeby (- 2002)",7428,7428,7355,7340,7345,7233,7162,7067,6963,6948,6913,6935,6875,6805,6762,6716,6799,6804,6755,6686,6622,6631,6693,0,0,0,0
" ","Christiansø (Uden for Kommuner)",124,129,130,127,125,119,120,121,114,114,116,111,118,114,112,113,110,94,98,103,99,102,106,104,101,98,92
" ","Assens",11013,11117,11053,10956,10958,10972,10894,10844,10725,10660,10615,10584,10644,10635,10720,10738,10783,10829,10814,10786,10718,10691,10764,10787,10815,10899,10959
" ","Bogense",6381,6299,6233,6270,6252,6194,6156,6193,6130,6100,6118,6090,6093,6157,6181,6174,6215,6392,6359,6368,6403,6383,6350,6377,6387,6448,6487
" ","Broby",6608,6622,6613,6591,6583,6539,6503,6387,6400,6396,6328,6324,6299,6352,6343,6335,6382,6317,6310,6279,6261,6227,6264,6265,6273,6353,6331
" ","Egebjerg",8818,8853,8804,8774,8792,8711,8728,8656,8587,8557,8574,8651,8663,8670,8645,8733,8807,8775,8771,8783,8791,8803,8792,8825,8864,8792,8924
" ","Ejby",10152,10111,10038,10007,10022,10021,9960,9903,9826,9800,9842,9809,9823,9788,9772,9832,9891,9967,9962,10019,9942,9919,9945,10019,10053,10046,10192
" ","Faaborg",17687,17647,17687,17580,17532,17502,17403,17443,17354,17268,17279,17237,17252,17375,17298,17323,17434,17484,17398,17419,17364,17280,17278,17281,17331,17325,17248
" ","Glamsbjerg",5858,5834,5807,5788,5768,5809,5800,5792,5797,5804,5838,5878,5872,5855,5858,5863,5896,5933,5947,5921,5922,6022,6019,6005,5983,5873,5924
" ","Gudme",6329,6334,6207,6217,6168,6132,6116,6062,6073,6013,6070,6103,6097,6094,6121,6126,6230,6224,6248,6199,6232,6215,6250,6334,6322,6407,6530
" ","Haarby",4989,4985,5012,4963,4929,4890,4872,4926,4952,4906,4941,4940,4942,4919,4937,4939,4985,4975,4923,4920,4970,5020,5037,5012,4990,5037,5045
" ","Kerteminde",10312,10298,10259,10214,10244,10191,10215,10168,10256,10311,10371,10492,10540,10508,10480,10503,10607,10600,10706,10831,10846,10971,11013,11027,11066,10986,11011
" ","Langeskov",5775,5830,5790,5771,5801,5808,5839,5949,5964,5998,5998,6005,5994,5976,6022,6014,6033,6049,6134,6198,6203,6213,6241,6253,6309,6365,6417
" ","Marstal (-2005/2006)",3880,3853,3859,3860,3824,3801,3743,3703,3653,3602,3569,3529,3510,3526,3505,3535,3592,3526,3485,3506,3464,3404,3331,3279,3261,3208,0
" ","Middelfart",17996,18057,18052,18076,18094,18140,18140,18417,18468,18485,18577,18756,18727,18769,18877,18975,19042,19133,19393,19485,19705,19865,20018,20186,20280,20486,20599
" ","Munkebo",6258,6252,6097,6091,5946,5893,5861,5814,5841,5980,5933,5863,5854,5870,5843,5805,5851,5828,5816,5857,5806,5816,5756,5746,5692,5720,5811
" ","Nyborg",18638,18619,18557,18498,18415,18369,18300,18284,18306,18242,18207,18238,18315,18422,18369,18368,18873,18834,18871,18842,18765,18734,18766,18721,18833,18972,19134
" ","Nørre Aaby",5325,5244,5243,5214,5207,5204,5200,5191,5215,5250,5248,5204,5154,5122,5073,5128,5164,5251,5261,5301,5327,5383,5407,5382,5426,5581,5626
" ","Odense",168528,169183,170189,170648,170961,171468,172751,173331,174016,174948,176133,177639,179487,180799,181824,182617,183564,184146,184224,183584,183912,183691,183628,184308,185206,185871,186595
" ","Otterup",11183,11127,11020,10953,10909,10903,10847,11027,11024,11016,10843,10819,10777,10711,10662,10649,10704,10749,10755,10796,10820,10863,10919,10901,10909,10973,11023
" ","Ringe",11207,11181,11092,11112,11150,11128,11151,11111,11087,11075,11049,11061,11019,10970,11001,11069,11069,11047,11152,11120,11166,11162,11112,11080,11173,11177,11269
" ","Rudkøbing",7048,6998,6936,6883,6883,6909,6904,6905,6904,6884,6878,6900,6968,6953,6966,6912,6889,6888,6884,6862,6859,6793,6735,6723,6665,6676,6647
" ","Ryslinge",6994,7136,7156,7119,7133,7115,7084,7031,7016,7062,7112,7113,7077,7151,7176,7183,7215,7193,7210,7212,7185,7158,7107,7078,6997,6924,6920
" ","Svendborg",37996,38165,38521,38793,39162,39429,39893,40394,40623,40868,41030,41357,41706,42147,42407,42535,42692,42859,42927,43003,42905,42790,42889,42986,43115,43155,43052
" ","Sydlangeland",5225,5186,5139,5107,4996,5005,4945,4877,4802,4762,4754,4674,4607,4593,4560,4511,4704,4506,4468,4392,4288,4257,4192,4166,4127,4080,4034
" ","Søndersø",11138,11093,11072,11090,11129,11160,11150,11128,11094,11087,11117,11160,11048,11082,11123,11031,11141,11089,11052,11049,11042,11202,11169,11144,11249,11234,11366
" ","Tommerup",7029,7093,7130,7129,7122,7121,7189,7284,7311,7468,7518,7561,7565,7619,7629,7607,7642,7693,7671,7697,7755,7829,7838,7805,7795,7816,7865
" ","Tranekær",4205,4175,4147,4122,4097,4066,4035,3921,3855,3813,3759,3690,3651,3623,3623,3572,3571,3544,3525,3496,3499,3513,3519,3497,3507,3467,3439
" ","Ullerslev",5024,5022,4970,4957,4901,4888,4806,4831,4825,4814,4820,4819,4755,4774,4787,4833,4814,4876,4893,4893,4928,4939,5009,5124,5119,5151,5190
" ","Vissenbjerg",6050,6000,5910,5812,5822,5844,5855,5859,5929,5965,5979,6007,6115,6100,6120,6102,6107,6118,6110,6185,6155,6139,6174,6116,6106,6096,6115
" ","Ærø (2005/2006-)",0,0,0,0,0,0,0,0,0,0,0,0,0,0,0,0,0,0,0,0,0,0,0,0,0,0,6873
" ","Ærøskøbing (-2005/2006)",4859,4795,4741,4715,4681,4628,4638,4503,4428,4344,4315,4294,4244,4153,4136,4113,4112,4080,4018,3975,3937,3911,3869,3779,3742,3731,0
" ","Ørbæk",6682,6731,6665,6696,6624,6638,6613,6580,6544,6565,6560,6555,6575,6602,6578,6598,6615,6657,6647,6686,6668,6670,6747,6685,6826,6886,6884
" ","Årslev",8609,8601,8615,8602,8646,8644,8781,8821,8869,8895,8869,8814,8755,8771,8793,8761,8720,8673,8701,8797,8787,8847,8972,9164,9241,9365,9376
" ","Aarup",5169,5185,5185,5165,5170,5156,5111,5148,5196,5173,5110,5078,5113,5153,5138,5211,5184,5187,5238,5271,5349,5354,5394,5416,5420,5480,5461
" ","Augustenborg",6712,6650,6621,6537,6561,6564,6542,6559,6566,6526,6446,6426,6406,6464,6448,6381,6401,6354,6382,6412,6390,6415,6441,6458,6603,6577,6525
" ","Bov",9941,10108,10250,10193,10261,10346,10359,10416,10576,10538,10621,10652,10544,10434,10479,10436,10414,10392,10340,10285,10262,10239,10170,10126,10031,9992,9959
" ","Bredebro",3978,3953,3988,3961,3953,3922,3944,3918,3945,3922,3945,3925,3886,3898,3886,3870,3883,3891,3847,3827,3819,3813,3792,3764,3711,3680,3644
" ","Broager",6114,6139,6138,6116,6100,6169,6136,6106,6123,6098,6099,6102,6086,6139,6134,6137,6188,6204,6283,6240,6236,6262,6295,6370,6313,6290,6362
" ","Christiansfeld",9291,9262,9178,9163,9105,9010,9056,9117,8998,9066,9176,9172,9164,9053,9174,9169,9285,9362,9365,9288,9414,9520,9533,9472,9601,9585,9587
" ","Gram",5183,5193,5149,5155,5151,5199,5206,5147,5148,5135,5122,4993,4961,4928,4904,4962,4967,5041,5117,5002,4983,4900,4901,4876,4858,4860,4867
" ","Gråsten",6752,6783,6811,6780,6846,6777,6829,6789,6909,6917,6952,6950,6960,6951,7010,7048,6964,7044,7025,7073,7041,7073,7117,7208,7260,7256,7218
" ","Haderslev",29973,30055,29975,29914,29985,30113,30213,30272,30208,30220,30330,30546,30753,30922,30977,31144,31480,31616,31674,31759,31827,31847,31675,31591,31577,31573,31544
" ","Højer",3064,3064,3023,3076,3045,3020,2993,3039,3038,3051,3045,3019,2999,3043,3050,3065,3029,3100,3108,3091,3078,3100,3048,2998,2955,2861,2801
" ","Lundtoft",6187,6251,6310,6305,6216,6196,6151,6196,6181,6182,6120,6157,6207,6228,6206,6231,6205,6303,6220,6213,6223,6228,6206,6205,6182,6184,6150
" ","Løgumkloster",6925,7017,7001,6973,7038,7035,7022,6989,6955,6948,6988,6973,7016,7065,7007,6915,7027,6950,7030,6994,6962,6935,6940,6918,6896,6846,6771
" ","Nordborg",15265,15316,15160,15050,14951,14970,14868,14873,14830,14654,14664,14604,14530,14573,14477,14515,14443,14397,14316,14272,14221,14142,14090,14051,14063,13956,13893
" ","Nørre Rangstrup",9917,9995,10042,10018,9956,9993,9952,9974,9981,10020,9965,10032,9905,9926,9866,9795,9862,9876,9829,9843,9751,9692,9700,9649,9521,9502,9510
" ","Rødding",11058,11051,11035,11064,10939,10972,10881,10949,10926,10817,10821,10808,10767,10824,10876,10881,10943,11010,11014,10943,10945,10871,10888,10921,10834,10915,10995
" ","Rødekro",10403,10540,10598,10578,10606,10675,10752,10845,11010,11113,11086,11026,11061,11141,11174,11221,11248,11291,11356,11374,11344,11368,11359,11447,11612,11695,11756
" ","Skærbæk",7672,7724,7713,7701,7759,7693,7714,7754,7718,7725,7735,7662,7729,7706,7687,7706,7705,7680,7632,7603,7584,7569,7485,7472,7330,7294,7172
" ","Sundeved",5290,5327,5258,5286,5355,5304,5328,5330,5274,5251,5263,5242,5229,5219,5173,5119,5232,5212,5143,5132,5146,5139,5195,5240,5233,5298,5286
" ","Sydals",6963,6951,6921,6834,6798,6814,6736,6688,6684,6698,6674,6616,6602,6545,6468,6451,6422,6421,6402,6424,6474,6481,6475,6554,6507,6527,6531
" ","Sønderborg",27790,27904,27867,27899,27785,27583,27593,27661,27793,28048,28291,28535,28581,28820,29024,29388,29357,29496,29739,30037,30011,29962,30054,30122,30257,30555,30783
" ","Tinglev",10344,10406,10357,10390,10378,10431,10399,10359,10423,10370,10440,10398,10421,10346,10297,10217,10243,10294,10293,10267,10267,10192,10292,10259,10208,10148,10115
" ","Tønder",12521,12567,12583,12604,12619,12599,12521,12574,12605,12580,12532,12542,12562,12612,12645,12697,12837,12709,12719,12795,12706,12731,12693,12540,12548,12462,12285
" ","Vojens",17434,17402,17246,17182,17173,17053,17064,16953,16878,16930,16834,16756,16717,16779,16821,16750,16859,16842,16915,16847,16778,16772,16778,16793,16795,16792,16685
" ","Aabenraa",21172,21214,21185,21191,21182,21227,21266,21297,21363,21349,21463,21680,21670,21690,21880,21894,21935,22154,22087,22050,22020,21998,22039,21979,22041,22132,21994
" ","Billund",6608,6731,6826,6842,6899,6961,7139,7363,7537,7692,7849,7947,8010,8153,8243,8355,8444,8484,8587,8636,8647,8665,8692,8633,8705,8697,8632
" ","Blåbjerg",6663,6685,6673,6573,6596,6573,6629,6600,6596,6592,6556,6586,6514,6505,6490,6535,6610,6499,6432,6483,6490,6495,6480,6534,6516,6509,6440
" ","Blåvandshuk",3594,3609,3615,3682,3698,3736,3724,3867,3837,3852,3836,3814,3861,3851,3920,3932,4037,4117,4131,4181,4200,4291,4327,4356,4368,4378,4357
" ","Bramming",12417,12568,12545,12622,12719,12722,12843,12836,12833,12913,12833,12888,12934,13078,13081,13105,13185,13254,13328,13426,13528,13582,13667,13651,13628,13638,13708
" ","Brørup",5969,6071,6149,6209,6220,6233,6149,6122,6196,6272,6227,6229,6292,6317,6280,6289,6355,6335,6360,6396,6439,6457,6504,6437,6513,6485,6553
" ","Esbjerg",79310,79694,80053,80317,80534,80514,80639,80825,81385,81480,81504,81616,81843,82334,82593,82579,82905,82835,83023,83036,82949,82676,82341,82314,82396,82312,81908
" ","Fanø",2973,2999,3089,3083,3111,3161,3122,3253,3206,3203,3188,3187,3178,3153,3192,3209,3272,3241,3269,3267,3214,3212,3227,3169,3169,3151,3143
" ","Grindsted",17110,17109,17149,17050,16993,17073,17070,17175,17128,17135,17066,17118,17171,17189,17264,17290,17339,17439,17528,17436,17386,17367,17321,17388,17438,17379,17501
" ","Helle",8477,8447,8403,8451,8473,8391,8348,8309,8287,8318,8279,8252,8268,8312,8310,8384,8406,8341,8365,8373,8357,8366,8361,8329,8360,8319,8352
" ","Holsted",6950,6907,6882,6926,6890,6866,6817,6825,6832,6858,6862,6824,6832,6805,6808,6830,6918,6898,6939,6965,7044,6986,7015,6972,6967,6965,6922
" ","Ribe",18051,18127,18089,18143,18153,17981,17904,17956,17964,17864,17872,17930,18076,18081,18243,18234,18372,18287,18173,18191,18112,18146,18140,18107,18111,18147,18139
" ","Varde",18262,18185,18283,18349,18401,18501,18688,18802,18937,18996,19134,19263,19353,19506,19458,19484,19476,19587,19702,19826,19977,20186,20193,20148,20068,20138,20260
" ","Vejen",15327,15373,15354,15420,15511,15571,15781,15839,15999,16056,16121,16216,16178,16171,16243,16226,16386,16551,16550,16644,16557,16553,16654,16809,16958,16985,17081
" ","Ølgod",10913,10998,10994,11033,11049,11122,11131,11195,11236,11229,11255,11303,11290,11266,11243,11298,11392,11467,11431,11488,11445,11464,11522,11410,11398,11351,11265
" ","Brædstrup",8327,8400,8401,8400,8301,8382,8429,8471,8458,8369,8344,8297,8277,8309,8218,8229,8328,8431,8399,8392,8494,8571,8556,8613,8698,8728,8857
" ","Børkop",11040,11046,10992,11015,10940,10798,10664,10683,10660,10578,10469,10399,10412,10442,10473,10430,10547,10667,10778,10797,10889,10979,11077,11125,11246,11478,11782
" ","Egtved",14051,14125,13999,14006,14099,14013,14015,13983,14039,14033,14015,14011,14113,14166,14243,14287,14405,14474,14586,14794,14943,15039,15142,15184,15176,15302,15489
" ","Fredericia",45820,45859,46085,45987,45896,45879,45803,45935,45970,45992,46072,46292,46617,46817,46952,47037,47260,47616,47837,47947,48066,48216,48487,48533,48857,49147,49252
" ","Gedved",9640,9735,9699,9699,9675,9629,9589,9615,9629,9625,9593,9575,9610,9556,9496,9536,9640,9606,9703,9711,9790,9764,9835,9931,10053,10215,10339
" ","Give",13533,13611,13632,13612,13545,13571,13551,13522,13585,13595,13524,13534,13556,13538,13549,13541,13693,13863,13950,14004,14109,14143,14140,14135,14169,14090,14065
" ","Hedensted",13570,13478,13461,13475,13597,13758,13875,14153,14413,14605,14699,14816,14861,15033,15087,15247,15423,15604,15798,15911,16159,16271,16381,16451,16704,16877,17190
" ","Horsens",54533,54684,54565,54779,54717,54461,54633,54676,54776,54940,55210,55088,55123,55159,55314,55252,55747,56235,56412,56595,56803,56866,57175,57651,58061,58560,59550
" ","Jelling",4921,4965,5002,4886,4885,4897,4921,4973,4967,4925,4974,5060,5117,5140,5264,5305,5573,5462,5533,5617,5581,5652,5686,5674,5758,5697,5790
" ","Juelsminde",14622,14638,14753,14688,14598,14563,14580,14737,14702,14632,14570,14509,14504,14581,14513,14576,14688,14839,14926,15136,15084,15216,15233,15316,15399,15555,15742
" ","Kolding",55769,56010,56321,56418,56519,56729,57001,57148,57043,57128,57285,57586,57982,58493,58977,59558,60040,60752,61076,61327,61573,61832,62320,62747,63282,63583,63751
" ","Lunderskov",4837,4870,4852,4790,4772,4812,4804,4811,4860,4859,4833,4892,4922,4892,4918,4965,4984,5068,5147,5232,5260,5344,5432,5428,5472,5478,5574
" ","Nørre Snede",7333,7351,7287,7341,7266,7289,7314,7278,7320,7287,7254,7298,7284,7286,7271,7289,7387,7359,7315,7301,7307,7221,7224,7255,7248,7266,7207
" ","Tørring-Uldum",11503,11431,11338,11397,11432,11396,11455,11494,11547,11579,11542,11601,11673,11657,11669,11722,11876,11949,12023,12181,12183,12240,12315,12365,12393,12519,12650
" ","Vamdrup",6804,6843,6826,6900,6881,6853,6778,6878,6804,6821,6751,6799,6811,6832,6795,6853,6966,6987,7114,7150,7165,7191,7241,7323,7425,7456,7566
" ","Vejle",49471,49513,49547,49709,49602,49823,50195,50492,50817,50879,51263,51506,51845,52381,52527,52836,53261,53685,53910,54087,54136,54641,55084,55553,55750,56104,56117
" ","Aulum-Haderup",6644,6640,6657,6634,6681,6636,6584,6619,6640,6660,6661,6658,6620,6606,6655,6626,6688,6648,6669,6653,6675,6667,6700,6672,6694,6730,6757
" ","Brande",8327,8355,8412,8367,8427,8429,8385,8455,8515,8477,8501,8485,8540,8529,8535,8561,8757,8711,8778,8866,8779,8681,8701,8772,8805,8822,8919
" ","Egvad",9860,9836,9811,9778,9752,9632,9690,9685,9597,9545,9514,9524,9532,9523,9525,9510,9565,9562,9594,9575,9524,9532,9571,9624,9509,9396,9460
" ","Herning",56033,56008,55905,55927,55923,55975,56062,56195,56191,56376,56687,56961,57329,57492,57569,57751,57965,57806,57836,57865,58016,58304,58624,58823,59108,59277,59511
" ","Holmsland",5066,5156,5276,5332,5345,5364,5398,5378,5389,5390,5331,5275,5315,5285,5313,5319,5332,5258,5217,5211,5237,5296,5346,5292,5317,5285,5193
" ","Holstebro",36777,36983,37030,37250,37405,37606,37728,37992,38256,38439,38529,38699,38705,38895,39044,39179,39527,39722,39969,40424,40448,40793,40994,41119,41129,41210,41479
" ","Ikast",20120,20210,20458,20540,20639,20854,21041,21536,21858,21923,21923,21924,22080,22232,22266,22355,22486,22629,22618,22620,22717,22852,23002,23122,23195,23283,23402
" ","Lemvig",19773,19804,19743,19576,19503,19394,19410,19367,19198,19129,19019,18981,18917,18990,19011,18928,18957,18870,18846,18858,18823,18761,18517,18438,18338,18070,17899
" ","Ringkøbing",16463,16632,16699,16796,16811,16791,16869,16948,16920,16944,16952,17035,17086,17144,17175,17351,17544,17553,17615,17583,17590,17688,17747,17903,17857,17890,17868
" ","Skjern",12478,12593,12606,12616,12517,12493,12479,12521,12597,12500,12558,12539,12588,12637,12604,12641,12814,12827,12819,12910,12983,13058,13025,13109,13046,13107,13146
" ","Struer",18876,18950,18959,19012,18929,18997,18880,18869,19052,18950,19162,19240,19255,19268,19294,19250,19215,19152,19107,19122,19233,19166,19290,19248,19337,19175,19113
" ","Thyborøn-Harboøre",5165,5217,5282,5282,5255,5309,5288,5229,5284,5301,5300,5288,5238,5226,5199,5176,5166,5144,5084,5075,5040,4990,4926,4874,4783,4690,4584
" ","Thyholm",4030,4049,4059,4051,3998,3967,3986,3918,3862,3864,3848,3745,3738,3734,3722,3718,3730,3691,3723,3742,3687,3689,3706,3714,3590,3577,3582
" ","Trehøje",8950,8912,8873,8919,8911,8981,9020,9189,9215,9239,9294,9370,9350,9389,9375,9467,9449,9523,9659,9708,9757,9800,9857,9941,9942,9929,9986
" ","Ulfborg-Vemb",7420,7334,7385,7390,7278,7320,7286,7333,7082,7083,7021,7003,7033,7058,7070,7108,7101,7115,7116,7112,7093,7067,7050,7059,6973,6959,6938
" ","Videbæk",11826,11911,11856,11821,11888,11897,11894,11916,11959,11989,12029,12034,12042,12049,12133,12144,12221,12102,12061,12103,12058,12094,12176,12157,12148,12140,12107
" ","Vinderup",8321,8337,8327,8268,8270,8266,8201,8207,8141,8178,8115,8112,8177,8129,8150,8183,8225,8207,8284,8268,8218,8147,8162,8133,8043,8035,8045
" ","Åskov",6622,6592,6542,6544,6539,6620,6688,6731,6798,6847,6851,6835,6853,6804,6808,6861,6988,6963,6983,6949,6979,6932,6991,7044,7016,6999,7076
" ","Ebeltoft",11924,11936,11994,12093,12222,12378,12429,12583,12699,12828,13059,13262,13334,13338,13421,13652,14096,14079,14276,14478,14478,14545,14749,14877,14910,14997,15006
" ","Galten",9071,9189,9335,9379,9497,9546,9607,9703,9721,9691,9729,9746,9791,9815,9909,9876,10077,10022,10091,10202,10393,10552,10623,10775,10954,11086,11171
" ","Gjern",7060,7006,7080,7086,7078,7133,7148,7209,7209,7252,7276,7218,7279,7322,7295,7332,7417,7475,7556,7521,7579,7636,7802,7962,8057,8134,8295
" ","Grenaa",18429,18420,18477,18536,18501,18473,18481,18497,18521,18389,18275,18362,18463,18536,18642,18673,18906,19002,18966,18930,18914,18756,18701,18682,18701,18641,18673
" ","Hadsten",10398,10454,10502,10433,10496,10595,10649,10763,10795,10843,10863,10833,10752,10870,10832,11001,11038,11191,11270,11338,11512,11472,11509,11633,11707,11818,11969
" ","Hammel",9754,9825,9962,9895,9827,9835,9897,9961,9857,9923,9923,10008,9945,10019,10012,10099,10182,10221,10268,10330,10424,10478,10576,10592,10751,10830,10952
" ","Hinnerup",9150,9309,9363,9396,9366,9387,9535,9670,9885,9985,10101,10095,10094,10108,10093,10225,10391,10574,10767,10844,11068,11203,11496,11647,11791,12048,12233
" ","Hørning",7109,7219,7211,7212,7166,7192,7271,7360,7405,7410,7437,7353,7391,7561,7683,7672,7704,7765,7890,8001,8217,8325,8380,8471,8484,8688,8753
" ","Langå",8098,8087,7982,7959,7958,7965,8088,8152,8183,8132,8130,8168,8138,8116,8087,8112,8184,8201,8228,8232,8228,8183,8195,8276,8355,8396,8429
" ","Mariager",8146,8197,8115,8066,8066,8087,8109,8128,8114,8130,8146,8180,8163,8137,8167,8181,8201,8283,8223,8168,8264,8331,8332,8365,8356,8300,8237
" ","Midtdjurs",7240,7324,7354,7413,7376,7394,7427,7498,7477,7532,7647,7606,7608,7625,7623,7702,7735,7710,7788,7743,7752,7727,7696,7685,7719,7763,7806
" ","Nørhald",9121,9131,9084,8925,8804,8739,8771,8711,8675,8661,8627,8692,8688,8589,8650,8673,8723,8711,8673,8698,8685,8628,8621,8664,8650,8627,8706
" ","Nørre Djurs",8064,8047,7973,7839,7763,7797,7793,7679,7652,7644,7625,7577,7639,7641,7608,7711,7778,7887,7941,7914,7874,7851,7764,7690,7672,7663,7665
" ","Odder",17654,17651,17637,17780,17865,17949,18038,18140,18296,18506,18744,18959,19031,18999,19005,19251,19469,19547,19750,19768,19901,20156,20396,20728,20863,21133,21332
" ","Purhus",8872,8903,9009,8926,8892,8911,8911,8842,8782,8768,8696,8620,8575,8537,8454,8459,8512,8589,8569,8581,8577,8592,8618,8589,8578,8547,8655
" ","Randers",62486,62232,62134,61739,61410,61127,60984,61094,61155,61137,61020,60970,61440,61401,61506,61435,62013,62187,62252,62108,61983,62205,62306,62252,62137,62336,62524
" ","Rosenholm",9031,9016,9006,9049,9044,9090,9119,9249,9362,9522,9604,9660,9616,9697,9796,9882,9920,9999,10082,10114,10170,10109,10137,10189,10265,10325,10483
" ","Rougsø",7917,7981,7975,7896,7910,7913,7929,7987,8051,8049,8025,8048,7960,7963,8044,8002,8180,8187,8232,8271,8240,8254,8215,8109,8149,8078,8097
" ","Ry",8744,8849,8995,9016,9080,9283,9486,9613,9681,9737,9742,9875,9903,9950,10059,10183,10257,10351,10480,10565,10547,10604,10653,10809,10973,11244,11451
" ","Rønde",5805,5844,5791,5823,5835,5924,5948,5934,5966,5964,5950,5963,6001,6056,6106,6124,6241,6348,6385,6518,6644,6708,6776,6851,7041,7111,7135
" ","Samsø",4910,4859,4798,4741,4703,4693,4610,4500,4429,4451,4394,4342,4345,4366,4345,4323,4357,4331,4325,4318,4233,4266,4251,4221,4197,4125,4124
" ","Silkeborg",46774,46875,46791,46998,47164,47275,47667,47890,47917,47889,48280,48690,49063,49478,49874,50630,51166,51389,51873,52135,52360,52917,53253,53888,54437,55080,55906
" ","Skanderborg",19142,19255,19235,19232,19216,19197,19372,19508,19674,19667,19669,19698,19681,19769,19785,19885,20026,20362,20570,20903,21066,21264,21569,21745,21926,22244,22420
" ","Sønderhald",8213,8301,8221,8165,8134,8158,8205,8276,8187,8214,8303,8258,8196,8215,8156,8116,8141,8209,8147,8185,8251,8328,8324,8337,8359,8503,8685
" ","Them",5965,6065,6002,6043,6062,6117,6179,6229,6272,6367,6441,6458,6478,6510,6536,6556,6751,6709,6847,6897,6916,6879,6887,6882,6930,7000,7150
" ","Århus",244839,245565,246679,248509,250404,252071,253650,255932,258028,259493,261437,264136,267873,271272,274535,277477,279759,281396,282137,283673,284846,286668,288837,291258,293510,294954,295513
" ","Bjerringbro",12821,13064,13000,12973,13032,13048,13114,13047,12994,13045,13112,13329,13340,13424,13472,13542,13648,13705,13832,13837,13901,13919,13862,13811,13889,13922,14013
" ","Fjends",8103,8099,8121,8192,8188,8215,8222,8087,8147,8098,8102,8070,8039,8037,8031,8043,8131,8122,8141,8080,8097,8092,8093,8126,8136,8152,8244
" ","Hanstholm",5679,5725,5772,5868,5865,5860,5876,5975,5987,6067,6005,5953,5928,5953,5947,5971,6129,6119,6088,6091,6001,5935,5905,5859,5819,5786,5729
" ","Hvorslev",6662,6602,6542,6507,6555,6470,6496,6536,6556,6597,6563,6543,6439,6441,6458,6473,6541,6608,6684,6715,6742,6820,6850,6826,6826,6900,6969
" ","Karup",6916,6980,6904,6852,6767,6719,6657,6641,6737,6680,6713,6652,6653,6624,6657,6620,6657,6713,6700,6573,6647,6607,6708,6707,6682,6709,6718
" ","Kjellerup",13539,13542,13624,13498,13482,13427,13497,13484,13439,13329,13397,13305,13268,13367,13367,13373,13419,13488,13573,13666,13715,13767,13830,13869,13966,13953,14025
" ","Morsø",24647,24587,24370,24237,24141,24095,24127,24098,24065,23922,23814,23694,23473,23361,23219,23142,23133,23028,23062,23034,22989,22806,22666,22672,22636,22479,22333
" ","Møldrup",7506,7454,7469,7408,7423,7380,7356,7350,7403,7276,7323,7311,7368,7359,7352,7382,7430,7539,7532,7611,7578,7596,7632,7619,7718,7670,7689
" ","Sallingsund",6305,6320,6314,6313,6289,6311,6295,6303,6298,6223,6168,6156,6187,6130,6130,6127,6206,6180,6224,6192,6186,6268,6276,6187,6119,6083,6054
" ","Skive",26793,26849,26811,26764,26726,26771,26876,26774,26854,26858,26756,26844,26977,27099,27250,27417,27649,27748,27831,27914,27968,27954,28011,28070,28074,27919,27972
" ","Spøttrup",7965,7881,7862,7850,7843,7867,7850,7918,7914,7868,7909,7934,7964,7972,7940,7923,7911,7926,7857,7898,7918,7983,7965,7950,7954,7902,7854
" ","Sundsøre",7337,7304,7269,7178,7126,7065,6992,6940,6928,6902,6898,6959,6911,6878,6763,6764,6732,6711,6710,6710,6659,6696,6647,6563,6528,6464,6384
" ","Sydthy",12713,12656,12654,12646,12512,12521,12500,12497,12413,12332,12236,12122,12091,12001,12016,11936,11894,11772,11756,11701,11608,11516,11386,11380,11348,11239,11136
" ","Thisted",30011,29974,29861,29732,29816,29668,29861,29848,29781,29780,29634,29630,29609,29556,29543,29509,29637,29524,29510,29478,29499,29457,29499,29460,29414,29133,29045
" ","Tjele",8241,8292,8250,8223,8179,8211,8180,8208,8250,8228,8172,8118,8132,8112,8145,8145,8280,8343,8296,8323,8390,8359,8432,8503,8547,8641,8669
" ","Viborg",38757,38935,39072,39161,39144,39221,39502,39453,39631,39507,39395,39424,39639,39953,40286,40796,41145,41425,41627,41880,42107,42475,42894,43273,43382,43851,44505
" ","Aalestrup",7522,7494,7533,7507,7530,7527,7547,7601,7569,7606,7578,7574,7541,7621,7617,7615,7712,7679,7720,7693,7676,7671,7667,7621,7621,7631,7557
" ","Arden",8114,8139,8108,8116,8085,8071,8028,8052,8127,8160,8150,8146,8162,8220,8279,8332,8380,8325,8447,8441,8428,8482,8521,8588,8543,8513,8534
" ","Brovst",8693,8660,8670,8608,8544,8576,8565,8565,8594,8550,8496,8417,8337,8363,8347,8365,8464,8442,8414,8456,8475,8449,8448,8417,8353,8340,8281
" ","Brønderslev",20290,20233,20279,20233,20200,20258,20241,20262,20243,20243,20199,20128,20078,20075,20133,20105,20062,20067,20061,20075,20089,20086,20133,20174,20151,20107,20104
" ","Dronninglund",15245,15387,15369,15340,15318,15264,15209,15262,15284,15331,15195,15188,15224,15129,15152,15100,15026,15060,15180,15144,15160,15210,15264,15344,15357,15213,15209
" ","Farsø",8213,8208,8173,8181,8193,8110,8038,8020,7983,8028,7931,7940,7919,7960,7931,7933,7978,7977,8031,8122,8112,8080,8163,8158,8099,7991,8047
" ","Fjerritslev",8236,8301,8262,8274,8217,8205,8282,8308,8294,8305,8364,8382,8382,8385,8416,8400,8418,8406,8400,8472,8490,8469,8474,8521,8517,8480,8421
" ","Frederikshavn",35038,35119,35398,35476,35518,35559,35571,35524,35531,35530,35500,35448,35287,35332,35186,35114,35163,35079,35007,34900,34853,34692,34527,34416,34213,33975,33651
" ","Hadsund",10024,10093,10129,10190,10172,10298,10446,10489,10472,10521,10621,10654,10608,10641,10586,10562,10690,10705,10787,10770,10787,10801,10847,10848,10895,10918,10989
" ","Hals",10173,10183,10270,10329,10378,10491,10465,10556,10603,10670,10718,10817,10792,10866,10817,10847,10947,11032,11127,11257,11274,11304,11404,11422,11383,11448,11699
" ","Hirtshals",14670,14721,14653,14696,14652,14535,14532,14546,14524,14528,14540,14499,14540,14567,14628,14701,14729,14714,14692,14515,14570,14510,14418,14350,14268,14088,13940
" ","Hjørring",34456,34492,34366,34431,34304,34322,34452,34467,34426,34499,34558,34579,34655,34867,34935,35066,35289,35474,35509,35625,35493,35467,35558,35354,35372,35475,35296
" ","Hobro",13772,13802,13776,13740,13760,13807,13902,13954,13965,14149,14455,14472,14478,14499,14533,14576,14809,15064,15042,15199,15211,15191,15213,15313,15222,15318,15320
" ","Læsø",2683,2685,2680,2684,2663,2629,2607,2576,2561,2528,2512,2477,2453,2453,2442,2388,2381,2362,2351,2282,2293,2266,2268,2228,2177,2145,2091
" ","Løgstør",11192,11113,11043,11016,10965,10897,10827,10804,10712,10683,10653,10563,10446,10502,10563,10522,10592,10666,10726,10742,10745,10670,10568,10460,10364,10270,10203
" ","Løkken-Vrå",9305,9293,9222,9136,9040,8980,8901,8897,8866,8799,8732,8712,8765,8742,8730,8772,8760,8745,8848,8906,8951,8960,8924,8852,8824,8828,8814
" ","Nibe",7457,7505,7470,7296,7243,7205,7272,7396,7437,7499,7565,7597,7624,7662,7623,7593,7766,7841,7916,7946,7897,7985,8046,8089,8173,8283,8368
" ","Nørager",5774,5730,5686,5671,5612,5614,5555,5520,5522,5541,5518,5464,5428,5417,5479,5473,5510,5524,5480,5481,5477,5532,5586,5580,5578,5565,5564
" ","Pandrup",10115,10243,10209,10170,10165,10233,10280,10383,10406,10381,10430,10476,10451,10423,10389,10362,10465,10592,10684,10721,10768,10804,10710,10773,10778,10676,10612
" ","Sejlflod",8401,8417,8470,8460,8525,8605,8647,8804,8896,8963,8990,9011,8971,9017,9029,8919,8939,8996,9027,9105,9144,9231,9337,9293,9401,9394,9510
" ","Sindal",9437,9558,9501,9508,9467,9485,9497,9595,9618,9527,9575,9573,9612,9573,9554,9527,9525,9526,9600,9597,9465,9432,9425,9466,9434,9425,9430
" ","Skagen",13980,13961,13888,13891,13877,13911,13994,13919,13890,13799,13724,13620,13486,13390,13298,13214,13142,12999,12856,12739,12691,12571,12378,12215,12027,11803,11488
" ","Skørping",9600,9597,9528,9589,9595,9490,9491,9464,9525,9471,9490,9546,9568,9595,9534,9458,9517,9540,9611,9733,9755,9772,9834,9783,9799,9835,9799
" ","Støvring",11431,11410,11405,11416,11480,11426,11654,11804,11895,11947,11990,12014,12113,12148,12137,12133,12319,12295,12376,12357,12448,12547,12669,12838,12902,13057,13083
" ","Sæby",17826,17866,17848,17803,17825,17844,17856,17916,18087,18014,18017,18046,18123,18203,18194,18060,18173,18103,18192,18210,18205,18221,18087,18074,17969,18021,17945
" ","Aabybro",11187,11207,11191,11191,11241,11088,11074,10970,11004,11048,10954,11015,11021,10977,10965,10902,10883,10882,10965,10956,11039,11174,11256,11269,11317,11388,11390
" ","Aalborg",153948,154385,154218,154755,154840,154750,154905,154853,154739,154547,155019,155664,156614,157270,158141,159056,159980,160726,160682,160937,161161,161661,162264,162521,163231,163228,163952
" ","Aars",12075,12193,12232,12209,12229,12310,12416,12475,12471,12493,12647,12678,12650,12717,12736,12823,12929,13013,13103,13128,13172,13266,13226,13279,13322,13284,13350

